bin,brand,type,category,issuer,alpha_2,alpha_3,country,latitude,longitude,bank_phone,bank_url377828,AMERICAN EXPRESS,CREDIT,,AMERICAN EXPRESS COMPANY,CL,CHL,Chile,-35.6751,-71.543,1-800-528-4800,https://www.americanexpress.com/402365,VISA,DEBIT,ELECTRON,BANCO DEL DESARROLLO,CL,CHL,Chile,-35.6751,-71.543,,402366,VISA,DEBIT,ELECTRON,BANCO DEL DESARROLLO,CL,CHL,Chile,-35.6751,-71.543,,403351,VISA,CREDIT,CORPORATE T&E,BANCO DE CREDITO E INVERSIONES,CL,CHL,Chile,-35.6751,-71.543,,407300,VISA,CREDIT,GOLD PREMIUM,BANCO SECURITY,CL,CHL,Chile,-35.6751,-71.543,2258 44060,personas.bancosecurity.cl/407301,VISA,DEBIT,ELECTRON,BANCO SECURITY,CL,CHL,Chile,-35.6751,-71.543,2258 44060,personas.bancosecurity.cl/407401,VISA,CREDIT,CORPORATE T&E,BANCO DE CHILE,CL,CHL,Chile,-35.6751,-71.543,600 637 3737,ww3.bancochile.cl409320,VISA,CREDIT,INFINITE,BANCO BICE,CL,CHL,Chile,-35.6751,-71.543,2 26 92 24 00,www.bice.cl409674,VISA,DEBIT,CLASSIC,BANCO BICE,CL,CHL,Chile,-35.6751,-71.543,2 26 92 24 00,www.bice.cl409767,VISA,DEBIT,CLASSIC,BANCO FALABELLA,CL,CHL,Chile,-35.6751,-71.543,315878000,www.bancofalabella.com.co/home410406,VISA,CREDIT,CLASSIC,BANCO FALABELLA,CL,CHL,Chile,-35.6751,-71.543,315878000,www.bancofalabella.com.co/home410407,VISA,CREDIT,PREMIER,BANCO FALABELLA,CL,CHL,Chile,-35.6751,-71.543,315878000,www.bancofalabella.com.co/home410530,VISA,CREDIT,PREMIER,SCOTIABANK CHILE,CL,CHL,Chile,-35.6751,-71.543,600 670 0500,www.scotiabankchile.cl410886,VISA,CREDIT,CLASSIC,BANCO SANTANDER CHILE,CL,CHL,Chile,-35.6751,-71.543,,414756,VISA,CREDIT,SIGNATURE,BANCO DE CREDITO E INVERSIONES,CL,CHL,Chile,-35.6751,-71.543,,415280,VISA,CREDIT,CLASSIC,BANCO SANTANDER CHILE,CL,CHL,Chile,-35.6751,-71.543,,415281,VISA,CREDIT,PREMIER,BANCO SANTANDER CHILE,CL,CHL,Chile,-35.6751,-71.543,,415282,VISA,CREDIT,CLASSIC,BANCO DE CHILE,CL,CHL,Chile,-35.6751,-71.543,600 637 3737,ww3.bancochile.cl415283,VISA,CREDIT,PREMIER,BANCO DE CHILE,CL,CHL,Chile,-35.6751,-71.543,600 637 3737,ww3.bancochile.cl419189,VISA,CREDIT,PLATINUM,ITAU,CL,CHL,Chile,-35.6751,-71.543,,421100,VISA,CREDIT,PLATINUM,CORP BANCA,CL,CHL,Chile,-35.6751,-71.543,600 600 8686,www.corpbanca.cl/421401,VISA,CREDIT,PLATINUM,SCOTIABANK CHILE,CL,CHL,Chile,-35.6751,-71.543,600 670 0500,www.scotiabankchile.cl421413,VISA,DEBIT,CLASSIC,BANCO FALABELLA,CL,CHL,Chile,-35.6751,-71.543,315878000,www.bancofalabella.com.co/home421917,VISA,CREDIT,CLASSIC,"BANCO BILBAO VIZCAYA ARGENTARIA, CHILE",CL,CHL,Chile,-35.6751,-71.543,600 600 1100,www.scotiabankchile.cl422038,VISA,CREDIT,CLASSIC,BANCO DE CREDITO E INVERSIONES,CL,CHL,Chile,-35.6751,-71.543,,422764,VISA,CREDIT,CLASSIC,BANCO SANTANDER CHILE,CL,CHL,Chile,-35.6751,-71.543,,422766,VISA,CREDIT,CLASSIC,BANCO DE CHILE,CL,CHL,Chile,-35.6751,-71.543,600 637 3737,ww3.bancochile.cl422777,VISA,CREDIT,CLASSIC,BANCO DE CHILE,CL,CHL,Chile,-35.6751,-71.543,600 637 3737,ww3.bancochile.cl423925,VISA,CREDIT,PLATINUM,"BANCO BILBAO VIZCAYA ARGENTARIA, CHILE",CL,CHL,Chile,-35.6751,-71.543,600 600 1100,www.scotiabankchile.cl424419,VISA,CREDIT,PREMIER,BANCO DE CREDITO E INVERSIONES,CL,CHL,Chile,-35.6751,-71.543,,424446,VISA,CREDIT,CLASSIC,BANCO DE CHILE,CL,CHL,Chile,-35.6751,-71.543,600 637 3737,ww3.bancochile.cl425876,VISA,CREDIT,SIGNATURE,CORP BANCA,CL,CHL,Chile,-35.6751,-71.543,600 600 8686,www.corpbanca.cl/425910,VISA,CREDIT,GOLD,BANCO BICE,CL,CHL,Chile,-35.6751,-71.543,2 26 92 24 00,www.bice.cl425911,VISA,CREDIT,GOLD,BANCO BICE,CL,CHL,Chile,-35.6751,-71.543,2 26 92 24 00,www.bice.cl425913,VISA,CREDIT,GOLD,BANCO BICE,CL,CHL,Chile,-35.6751,-71.543,2 26 92 24 00,www.bice.cl425915,VISA,CREDIT,GOLD,BANCO BICE,CL,CHL,Chile,-35.6751,-71.543,2 26 92 24 00,www.bice.cl425916,VISA,CREDIT,GOLD,BANCO BICE,CL,CHL,Chile,-35.6751,-71.543,2 26 92 24 00,www.bice.cl425917,VISA,CREDIT,GOLD,BANCO BICE,CL,CHL,Chile,-35.6751,-71.543,2 26 92 24 00,www.bice.cl425919,VISA,CREDIT,GOLD,BANCO BICE,CL,CHL,Chile,-35.6751,-71.543,2 26 92 24 00,www.bice.cl425943,VISA,DEBIT,CLASSIC,BANCO BICE,CL,CHL,Chile,-35.6751,-71.543,2 26 92 24 00,www.bice.cl425944,VISA,CREDIT,PREMIER,BANCO BICE,CL,CHL,Chile,-35.6751,-71.543,2 26 92 24 00,www.bice.cl425947,VISA,CREDIT,BUSINESS,BANCO BICE,CL,CHL,Chile,-35.6751,-71.543,2 26 92 24 00,www.bice.cl425961,VISA,CREDIT,GOLD,BANCO BICE,CL,CHL,Chile,-35.6751,-71.543,2 26 92 24 00,www.bice.cl425965,VISA,CREDIT,,CITIBANK,CL,CHL,Chile,-35.6751,-71.543,,429954,VISA,DEBIT,PREMIER,CITIBANK,CL,CHL,Chile,-35.6751,-71.543,,430271,VISA,DEBIT,CLASSIC,CITIBANK,CL,CHL,Chile,-35.6751,-71.543,,433451,VISA,CREDIT,,ABN AMRO BANK (CHILE),CL,CHL,Chile,-35.6751,-71.543,+31 10 241 1720,www.abnamro.com434956,VISA,CREDIT,SIGNATURE,BANCO DE CHILE,CL,CHL,Chile,-35.6751,-71.543,600 637 3737,ww3.bancochile.cl435718,VISA,CREDIT,PREMIER,BANCO SANTANDER CHILE,CL,CHL,Chile,-35.6751,-71.543,,435767,VISA,CREDIT,CORPORATE T&E,"BANCO BILBAO VIZCAYA ARGENTARIA, CHILE",CL,CHL,Chile,-35.6751,-71.543,600 600 1100,www.scotiabankchile.cl438084,VISA,CREDIT,CLASSIC,"CONSORCIO TARJETAS DE CREDITO, S.A.",CL,CHL,Chile,-35.6751,-71.543,600 221 3000,www.consorcio.cl/home440612,VISA,DEBIT,CLASSIC,SCOTIABANK SUD AMERICANO,CL,CHL,Chile,-35.6751,-71.543,,440698,VISA,DEBIT,ELECTRON,"BANCO BILBAO VIZCAYA ARGENTARIA, CHILE",CL,CHL,Chile,-35.6751,-71.543,600 600 1100,www.scotiabankchile.cl442168,VISA,CREDIT,GOLD PREMIUM,"BANCO BILBAO VIZCAYA ARGENTARIA, CHILE",CL,CHL,Chile,-35.6751,-71.543,600 600 1100,www.scotiabankchile.cl442174,VISA,CREDIT,PLATINUM,BANCO SANTANDER CHILE,CL,CHL,Chile,-35.6751,-71.543,,442679,VISA,CREDIT,CLASSIC,SCOTIABANK CHILE,CL,CHL,Chile,-35.6751,-71.543,600 670 0500,www.scotiabankchile.cl443854,VISA,CREDIT,CLASSIC,"BANCO BILBAO VIZCAYA ARGENTARIA, CHILE",CL,CHL,Chile,-35.6751,-71.543,600 600 1100,www.scotiabankchile.cl443861,VISA,CREDIT,PREMIER,CORP BANCA,CL,CHL,Chile,-35.6751,-71.543,600 600 8686,www.corpbanca.cl/446510,VISA,CREDIT,CLASSIC,"BANCO BILBAO VIZCAYA ARGENTARIA, CHILE",CL,CHL,Chile,-35.6751,-71.543,600 600 1100,www.scotiabankchile.cl446511,VISA,CREDIT,PREMIER,"BANCO BILBAO VIZCAYA ARGENTARIA, CHILE",CL,CHL,Chile,-35.6751,-71.543,600 600 1100,www.scotiabankchile.cl446867,VISA,CREDIT,PLATINUM,BANCO DE CHILE,CL,CHL,Chile,-35.6751,-71.543,600 637 3737,ww3.bancochile.cl448165,VISA,CREDIT,PLATINUM,BANCO DE CREDITO E INVERSIONES,CL,CHL,Chile,-35.6751,-71.543,,448480,VISA,CREDIT,PURCHASING,BANCO DE CHILE,CL,CHL,Chile,-35.6751,-71.543,600 637 3737,ww3.bancochile.cl448542,VISA,CREDIT,PURCHASING,BANCO DE CREDITO E INVERSIONES,CL,CHL,Chile,-35.6751,-71.543,,448750,VISA,CREDIT,,"CERTEGY, S.A.",CL,CHL,Chile,-35.6751,-71.543,1800 931 678,www.certegyezipay.com.au450600,VISA,CREDIT,CLASSIC,BANCO DE CREDITO E INVERSIONES,CL,CHL,Chile,-35.6751,-71.543,,450638,VISA,CREDIT,,BANCO BHIF,CL,CHL,Chile,-35.6751,-71.543,+56 2 6791000,450639,VISA,CREDIT,,BANCO BHIF,CL,CHL,Chile,-35.6751,-71.543,+56 2 6791000,450800,VISA,CREDIT,CLASSIC,CORP BANCA,CL,CHL,Chile,-35.6751,-71.543,600 600 8686,www.corpbanca.cl/450802,VISA,CREDIT,CLASSIC,"BANCO BILBAO VIZCAYA ARGENTARIA, CHILE",CL,CHL,Chile,-35.6751,-71.543,600 600 1100,www.scotiabankchile.cl450838,VISA,CREDIT,PREMIER,"BANCO BILBAO VIZCAYA ARGENTARIA, CHILE",CL,CHL,Chile,-35.6751,-71.543,600 600 1100,www.scotiabankchile.cl450878,VISA,CREDIT,CLASSIC,BANCO DE CHILE,CL,CHL,Chile,-35.6751,-71.543,600 637 3737,ww3.bancochile.cl450879,VISA,CREDIT,CORPORATE T&E,BANCO DE CHILE,CL,CHL,Chile,-35.6751,-71.543,600 637 3737,ww3.bancochile.cl450880,VISA,CREDIT,CLASSIC,BANCO SANTANDER CHILE,CL,CHL,Chile,-35.6751,-71.543,,450881,VISA,CREDIT,PREMIER,BANCO SANTANDER CHILE,CL,CHL,Chile,-35.6751,-71.543,,450882,VISA,CREDIT,CLASSIC,SCOTIABANK CHILE,CL,CHL,Chile,-35.6751,-71.543,600 670 0500,www.scotiabankchile.cl450883,VISA,CREDIT,CLASSIC,SCOTIABANK SUD AMERICANO,CL,CHL,Chile,-35.6751,-71.543,,451134,VISA,DEBIT,ELECTRON,SCOTIABANK CHILE,CL,CHL,Chile,-35.6751,-71.543,600 670 0500,www.scotiabankchile.cl451248,VISA,CREDIT,PLATINUM,BANCO BICE,CL,CHL,Chile,-35.6751,-71.543,2 26 92 24 00,www.bice.cl451316,VISA,CREDIT,,"TRANSBANK, S.A.",CL,CHL,Chile,-35.6751,-71.543,600 638 6380,www.transbank.cl451324,VISA,DEBIT,ELECTRON,BANCO DE CHILE,CL,CHL,Chile,-35.6751,-71.543,600 637 3737,ww3.bancochile.cl451368,VISA,DEBIT,ELECTRON,BANCO DE CREDITO E INVERSIONES,CL,CHL,Chile,-35.6751,-71.543,,451373,VISA,CREDIT,BUSINESS,ABN AMRO BANK (CHILE),CL,CHL,Chile,-35.6751,-71.543,+31 10 241 1720,www.abnamro.com451383,VISA,CREDIT,,CITIBANK,CL,CHL,Chile,-35.6751,-71.543,,452427,VISA,DEBIT,CLASSIC,CORP BANCA,CL,CHL,Chile,-35.6751,-71.543,600 600 8686,www.corpbanca.cl/454413,VISA,CREDIT,CLASSIC,BANCO DE CHILE,CL,CHL,Chile,-35.6751,-71.543,600 637 3737,ww3.bancochile.cl454723,VISA,CREDIT,BUSINESS,CORP BANCA,CL,CHL,Chile,-35.6751,-71.543,600 600 8686,www.corpbanca.cl/454812,VISA,CREDIT,CLASSIC,BANCO DE CREDITO E INVERSIONES,CL,CHL,Chile,-35.6751,-71.543,,454813,VISA,CREDIT,CLASSIC,CORP BANCA,CL,CHL,Chile,-35.6751,-71.543,600 600 8686,www.corpbanca.cl/454815,VISA,CREDIT,CLASSIC,"BANCO BILBAO VIZCAYA ARGENTARIA, CHILE",CL,CHL,Chile,-35.6751,-71.543,600 600 1100,www.scotiabankchile.cl454816,VISA,CREDIT,CLASSIC,BANCO INTERNACIONAL,CL,CHL,Chile,-35.6751,-71.543,600 363 5000,www.bancointernacional.cl/454851,VISA,CREDIT,BUSINESS,BANCO DE CREDITO E INVERSIONES,CL,CHL,Chile,-35.6751,-71.543,,454886,VISA,CREDIT,CLASSIC,BANCO DE CREDITO E INVERSIONES,CL,CHL,Chile,-35.6751,-71.543,,455342,VISA,CREDIT,CLASSIC,CORP BANCA,CL,CHL,Chile,-35.6751,-71.543,600 600 8686,www.corpbanca.cl/455771,VISA,CREDIT,,BANCO DE CHILE,CL,CHL,Chile,-35.6751,-71.543,600 637 3737,ww3.bancochile.cl456365,VISA,CREDIT,CLASSIC,BANCO DE CHILE,CL,CHL,Chile,-35.6751,-71.543,600 637 3737,ww3.bancochile.cl456366,VISA,CREDIT,PREMIER,BANCO DE CHILE,CL,CHL,Chile,-35.6751,-71.543,600 637 3737,ww3.bancochile.cl456460,VISA,CREDIT,CLASSIC,BANCO DEL ESTADO DE CHILE,CL,CHL,Chile,-35.6751,-71.543,600 200 7000,www.bancoestado.cl456473,VISA,CREDIT,CLASSIC,BANCO DEL ESTADO DE CHILE,CL,CHL,Chile,-35.6751,-71.543,600 200 7000,www.bancoestado.cl456477,VISA,CREDIT,PREMIER,BANCO DEL ESTADO DE CHILE,CL,CHL,Chile,-35.6751,-71.543,600 200 7000,www.bancoestado.cl456504,VISA,CREDIT,GOLD PREMIUM,ABN AMRO BANK (CHILE),CL,CHL,Chile,-35.6751,-71.543,+31 10 241 1720,www.abnamro.com456505,VISA,CREDIT,CLASSIC,ABN AMRO BANK (CHILE),CL,CHL,Chile,-35.6751,-71.543,+31 10 241 1720,www.abnamro.com456506,VISA,CREDIT,CLASSIC,ABN AMRO BANK (CHILE),CL,CHL,Chile,-35.6751,-71.543,+31 10 241 1720,www.abnamro.com460072,VISA,CREDIT,,SCOTIABANK SUD AMERICANO,CL,CHL,Chile,-35.6751,-71.543,,462760,VISA,DEBIT,PREPAID,CITICORP,CL,CHL,Chile,-35.6751,-71.543,,462956,VISA,DEBIT,CLASSIC,"BANCO BILBAO VIZCAYA ARGENTARIA, CHILE",CL,CHL,Chile,-35.6751,-71.543,600 600 1100,www.scotiabankchile.cl467498,VISA,CREDIT,PREMIER,"BANCO BILBAO VIZCAYA ARGENTARIA, CHILE",CL,CHL,Chile,-35.6751,-71.543,600 600 1100,www.scotiabankchile.cl469772,VISA,CREDIT,CLASSIC,,CL,CHL,Chile,-35.6751,-71.543,,474492,VISA,DEBIT,CLASSIC,SCOTIABANK SUD AMERICANO,CL,CHL,Chile,-35.6751,-71.543,,475774,VISA,DEBIT,,SCOTIABANK SUD AMERICANO,CL,CHL,Chile,-35.6751,-71.543,,475775,VISA,DEBIT,,SCOTIABANK SUD AMERICANO,CL,CHL,Chile,-35.6751,-71.543,,475776,VISA,CREDIT,,SCOTIABANK SUD AMERICANO,CL,CHL,Chile,-35.6751,-71.543,,475777,VISA,DEBIT,,SCOTIABANK SUD AMERICANO,CL,CHL,Chile,-35.6751,-71.543,,475778,VISA,DEBIT,,SCOTIABANK SUD AMERICANO,CL,CHL,Chile,-35.6751,-71.543,,475779,VISA,DEBIT,,SCOTIABANK SUD AMERICANO,CL,CHL,Chile,-35.6751,-71.543,,476025,VISA,CREDIT,CLASSIC,BANCO DE CHILE,CL,CHL,Chile,-35.6751,-71.543,600 637 3737,ww3.bancochile.cl476026,VISA,CREDIT,BUSINESS,"BANCO BILBAO VIZCAYA ARGENTARIA, CHILE",CL,CHL,Chile,-35.6751,-71.543,600 600 1100,www.scotiabankchile.cl476832,VISA,CREDIT,,SCOTIABANK SUD AMERICANO,CL,CHL,Chile,-35.6751,-71.543,,477040,VISA,DEBIT,,SCOTIABANK SUD AMERICANO,CL,CHL,Chile,-35.6751,-71.543,,477041,VISA,DEBIT,,SCOTIABANK SUD AMERICANO,CL,CHL,Chile,-35.6751,-71.543,,480293,VISA,CREDIT,CORPORATE T&E,BANCO DE CHILE,CL,CHL,Chile,-35.6751,-71.543,600 637 3737,ww3.bancochile.cl485722,VISA,CREDIT,BUSINESS,BANCO SANTANDER CHILE,CL,CHL,Chile,-35.6751,-71.543,,486445,VISA,CREDIT,PURCHASING,BANCO DEL ESTADO DE CHILE,CL,CHL,Chile,-35.6751,-71.543,600 200 7000,www.bancoestado.cl489070,VISA,CREDIT,CLASSIC,BANCO PARIS S.A.,CL,CHL,Chile,-35.6751,-71.543,,489472,VISA,CREDIT,SIGNATURE,SCOTIABANK SUD AMERICANO,CL,CHL,Chile,-35.6751,-71.543,,490225,VISA,CREDIT,PREMIER,"BANCO BILBAO VIZCAYA ARGENTARIA, CHILE",CL,CHL,Chile,-35.6751,-71.543,600 600 1100,www.scotiabankchile.cl491098,VISA,DEBIT,CLASSIC,CORP BANCA,CL,CHL,Chile,-35.6751,-71.543,600 600 8686,www.corpbanca.cl/492107,VISA,CREDIT,CLASSIC,BANCO INTERNACIONAL,CL,CHL,Chile,-35.6751,-71.543,600 363 5000,www.bancointernacional.cl/492210,VISA,CREDIT,CLASSIC,BANCO DE CHILE,CL,CHL,Chile,-35.6751,-71.543,600 637 3737,ww3.bancochile.cl493485,VISA,CREDIT,,"REDBANC, S.A.",CL,CHL,Chile,-35.6751,-71.543,56 2 26746700,www.redbanc.cl493857,VISA,CREDIT,CLASSIC,SCOTIABANK CHILE,CL,CHL,Chile,-35.6751,-71.543,600 670 0500,www.scotiabankchile.cl493858,VISA,CREDIT,CLASSIC,BANCO DEL DESARROLLO,CL,CHL,Chile,-35.6751,-71.543,,493859,VISA,CREDIT,PREMIER,SCOTIABANK CHILE,CL,CHL,Chile,-35.6751,-71.543,600 670 0500,www.scotiabankchile.cl496617,VISA,CREDIT,PREMIER,BANCO DE CREDITO E INVERSIONES,CL,CHL,Chile,-35.6751,-71.543,,496619,VISA,CREDIT,GOLD PREMIUM,BANCO INTERNACIONAL,CL,CHL,Chile,-35.6751,-71.543,600 363 5000,www.bancointernacional.cl/496624,VISA,CREDIT,PREMIER,CORP BANCA,CL,CHL,Chile,-35.6751,-71.543,600 600 8686,www.corpbanca.cl/496660,VISA,CREDIT,PREMIER,BANCO DE CREDITO E INVERSIONES,CL,CHL,Chile,-35.6751,-71.543,,496670,VISA,CREDIT,PREMIER,BANCO DE CHILE,CL,CHL,Chile,-35.6751,-71.543,600 637 3737,ww3.bancochile.cl496671,VISA,CREDIT,PREMIER,BANCO SANTANDER CHILE,CL,CHL,Chile,-35.6751,-71.543,,496672,VISA,CREDIT,PREMIER,SCOTIABANK CHILE,CL,CHL,Chile,-35.6751,-71.543,600 670 0500,www.scotiabankchile.cl498811,VISA,CREDIT,BUSINESS,BANCO DE CHILE,CL,CHL,Chile,-35.6751,-71.543,600 637 3737,ww3.bancochile.cl499847,VISA,CREDIT,CLASSIC,SCOTIABANK SUD AMERICANO,CL,CHL,Chile,-35.6751,-71.543,,499848,VISA,CREDIT,PREMIER,SCOTIABANK SUD AMERICANO,CL,CHL,Chile,-35.6751,-71.543,,512109,MASTERCARD,CREDIT,,CORP BANCA,CL,CHL,Chile,-35.6751,-71.543,600 600 8686,www.corpbanca.cl/515658,MASTERCARD,CREDIT,PLATINUM,SCOTIABANK CHILE,CL,CHL,Chile,-35.6751,-71.543,600 670 0500,www.scotiabankchile.cl515872,MASTERCARD,CREDIT,GOLD,BANCO RIPLEY,CL,CHL,Chile,-35.6751,-71.543,,www.bancoripley.cl517980,MASTERCARD,CREDIT,GOLD,BANCO CREDITO INVERSIONES,CL,CHL,Chile,-35.6751,-71.543,600 692 8000,www.bci.cl/personas518222,MASTERCARD,CREDIT,,ABC INVERSIONES LIMITADA,CL,CHL,Chile,-35.6751,-71.543,,518278,MASTERCARD,CREDIT,,BANCO DE CHILE,CL,CHL,Chile,-35.6751,-71.543,600 637 3737,ww3.bancochile.cl518370,MASTERCARD,CREDIT,GOLD,BANCO DE CHILE,CL,CHL,Chile,-35.6751,-71.543,600 637 3737,ww3.bancochile.cl518440,MASTERCARD,CREDIT,PLATINUM,BANCO SANTANDER CHILE,CL,CHL,Chile,-35.6751,-71.543,,518472,MASTERCARD,CREDIT,STANDARD,COOPERATIVA DE AHORRO Y CREDITO COOPEUCH LTDA.,CL,CHL,Chile,-35.6751,-71.543,600 200 1200,www.coopeuch.cl518497,MASTERCARD,CREDIT,GOLD,COOPERATIVA DE AHORRO Y CREDITO COOPEUCH LTDA.,CL,CHL,Chile,-35.6751,-71.543,600 200 1200,www.coopeuch.cl518532,MASTERCARD,CREDIT,,BANCO DEL ESTADO DE CHILE,CL,CHL,Chile,-35.6751,-71.543,600 200 7000,www.bancoestado.cl518536,MASTERCARD,CREDIT,,COOPERATIVA DE AHORRO Y CREDITO COOPEUCH LTDA.,CL,CHL,Chile,-35.6751,-71.543,600 200 1200,www.coopeuch.cl518800,MASTERCARD,CREDIT,GOLD,CORP BANCA,CL,CHL,Chile,-35.6751,-71.543,600 600 8686,www.corpbanca.cl/518850,MASTERCARD,CREDIT,GOLD,SCOTIABANK CHILE,CL,CHL,Chile,-35.6751,-71.543,600 670 0500,www.scotiabankchile.cl518890,MASTERCARD,CREDIT,GOLD,BANCO RIPLEY,CL,CHL,Chile,-35.6751,-71.543,,www.bancoripley.cl518891,MASTERCARD,CREDIT,GOLD,BANCO CREDITO INVERSIONES,CL,CHL,Chile,-35.6751,-71.543,600 692 8000,www.bci.cl/personas519189,MASTERCARD,CREDIT,STANDARD,BANCO RIPLEY,CL,CHL,Chile,-35.6751,-71.543,,www.bancoripley.cl519716,MASTERCARD,CREDIT,,SCOTIABANK SUD AMERICANO,CL,CHL,Chile,-35.6751,-71.543,,519741,MASTERCARD,DEBIT,,SCOTIABANK SUD AMERICANO,CL,CHL,Chile,-35.6751,-71.543,,520079,MASTERCARD,CREDIT,GOLD,BANCO SECURITY,CL,CHL,Chile,-35.6751,-71.543,2258 44060,personas.bancosecurity.cl/521312,MASTERCARD,CREDIT,PLATINUM,CORP BANCA,CL,CHL,Chile,-35.6751,-71.543,600 600 8686,www.corpbanca.cl/521892,MASTERCARD,CREDIT,GOLD,BANCO SANTANDER CHILE,CL,CHL,Chile,-35.6751,-71.543,,522181,MASTERCARD,CREDIT,STANDARD,BANCO SANTANDER CHILE,CL,CHL,Chile,-35.6751,-71.543,,522210,MASTERCARD,CREDIT,GOLD,HSBC BANK (CHILE),CL,CHL,Chile,-35.6751,-71.543,56 2 299 7200,www.hsbc.cl/522830,MASTERCARD,CREDIT,BLACK,BANCO RIPLEY,CL,CHL,Chile,-35.6751,-71.543,,www.bancoripley.cl522832,MASTERCARD,CREDIT,BLACK,BANCO DE CHILE,CL,CHL,Chile,-35.6751,-71.543,600 637 3737,ww3.bancochile.cl524708,MASTERCARD,CREDIT,GOLD,BANCO PARIS,CL,CHL,Chile,-35.6751,-71.543,,525622,MASTERCARD,CREDIT,,BANCO PARIS,CL,CHL,Chile,-35.6751,-71.543,,525623,MASTERCARD,CREDIT,,BANCO PARIS,CL,CHL,Chile,-35.6751,-71.543,,530250,MASTERCARD,CREDIT,CORPORATE,BANCO SANTANDER CHILE,CL,CHL,Chile,-35.6751,-71.543,,531216,MASTERCARD,CREDIT,CORPORATE,BANCO INTERNACIONAL,CL,CHL,Chile,-35.6751,-71.543,600 363 5000,www.bancointernacional.cl/531663,MASTERCARD,CREDIT,PLATINUM,BANCO CREDITO INVERSIONES,CL,CHL,Chile,-35.6751,-71.543,600 692 8000,www.bci.cl/personas533013,MASTERCARD,CREDIT,CORPORATE,CORP BANCA,CL,CHL,Chile,-35.6751,-71.543,600 600 8686,www.corpbanca.cl/533187,MASTERCARD,CREDIT,CORPORATE,"PROMOTORA CMR FALABELLA, S.A.",CL,CHL,Chile,-35.6751,-71.543,600 390 6000,www.cmr.cl533202,MASTERCARD,CREDIT,,BANCO SANTANDER,CL,CHL,Chile,-35.6751,-71.543,600 320 3000,www.santander.cl533208,MASTERCARD,CREDIT,,BANCO SANTANDER,CL,CHL,Chile,-35.6751,-71.543,600 320 3000,www.santander.cl533221,MASTERCARD,CREDIT,,BANCO SANTANDER,CL,CHL,Chile,-35.6751,-71.543,600 320 3000,www.santander.cl533225,MASTERCARD,CREDIT,GOLD,BANCO SANTANDER CHILE,CL,CHL,Chile,-35.6751,-71.543,,533226,MASTERCARD,CREDIT,STANDARD,BANCO SANTANDER CHILE,CL,CHL,Chile,-35.6751,-71.543,,533227,MASTERCARD,CREDIT,,BANCO SANTANDER,CL,CHL,Chile,-35.6751,-71.543,600 320 3000,www.santander.cl534129,MASTERCARD,CREDIT,GOLD,BANCO DE CHILE,CL,CHL,Chile,-35.6751,-71.543,600 637 3737,ww3.bancochile.cl539032,MASTERCARD,CREDIT,,BANCO INTERNACIONAL,CL,CHL,Chile,-35.6751,-71.543,600 363 5000,www.bancointernacional.cl/540020,MASTERCARD,CREDIT,,BANCO SANTANDER CHILE,CL,CHL,Chile,-35.6751,-71.543,,540475,MASTERCARD,CREDIT,GOLD,BANCO SANTANDER CHILE,CL,CHL,Chile,-35.6751,-71.543,,540476,MASTERCARD,CREDIT,GOLD,BANCO DE CHILE,CL,CHL,Chile,-35.6751,-71.543,600 637 3737,ww3.bancochile.cl540477,MASTERCARD,CREDIT,GOLD,BANCO SANTANDER CHILE,CL,CHL,Chile,-35.6751,-71.543,,540491,MASTERCARD,CREDIT,,BANCO SANTANDER CHILE,CL,CHL,Chile,-35.6751,-71.543,,540523,MASTERCARD,CREDIT,CORPORATE PURCHASING,BANCO DEL ESTADO DE CHILE,CL,CHL,Chile,-35.6751,-71.543,600 200 7000,www.bancoestado.cl540782,MASTERCARD,CREDIT,,BANCO DE CHILE,CL,CHL,Chile,-35.6751,-71.543,600 637 3737,ww3.bancochile.cl540826,MASTERCARD,CREDIT,,BANCO SANTANDER CHILE,CL,CHL,Chile,-35.6751,-71.543,,540841,MASTERCARD,CREDIT,,BANCO PARIS,CL,CHL,Chile,-35.6751,-71.543,,540937,MASTERCARD,CREDIT,STANDARD,BANCO ITAU CHILE,CL,CHL,Chile,-35.6751,-71.543,600 686 0888,banco.itau.cl541320,MASTERCARD,CREDIT,GOLD,BANCO SANTANDER CHILE,CL,CHL,Chile,-35.6751,-71.543,,541678,MASTERCARD,CREDIT,GOLD,BANCO DEL ESTADO DE CHILE,CL,CHL,Chile,-35.6751,-71.543,600 200 7000,www.bancoestado.cl541944,MASTERCARD,CREDIT,STANDARD,SCOTIABANK CHILE,CL,CHL,Chile,-35.6751,-71.543,600 670 0500,www.scotiabankchile.cl542320,MASTERCARD,CREDIT,,BANCO SANTANDER CHILE,CL,CHL,Chile,-35.6751,-71.543,,542663,MASTERCARD,CREDIT,STANDARD,BANCO DEL ESTADO DE CHILE,CL,CHL,Chile,-35.6751,-71.543,600 200 7000,www.bancoestado.cl542714,MASTERCARD,CREDIT,,FINANCIERA CONOSUR,CL,CHL,Chile,-35.6751,-71.543,,543200,MASTERCARD,CREDIT,,BANCO SANTANDER CHILE,CL,CHL,Chile,-35.6751,-71.543,,543361,MASTERCARD,CREDIT,PLATINUM,HSBC BANK (CHILE),CL,CHL,Chile,-35.6751,-71.543,56 2 299 7200,www.hsbc.cl/543563,MASTERCARD,CREDIT,GOLD,BANCO SANTANDER CHILE,CL,CHL,Chile,-35.6751,-71.543,,543564,MASTERCARD,CREDIT,STANDARD,BANCO DE CHILE,CL,CHL,Chile,-35.6751,-71.543,600 637 3737,ww3.bancochile.cl543565,MASTERCARD,CREDIT,STANDARD,BANCO SANTANDER CHILE,CL,CHL,Chile,-35.6751,-71.543,,543655,MASTERCARD,CREDIT,,"TRANSBANK, S.A.",CL,CHL,Chile,-35.6751,-71.543,600 638 6380,www.transbank.cl543696,MASTERCARD,CREDIT,GOLD,BANCO ITAU CHILE,CL,CHL,Chile,-35.6751,-71.543,600 686 0888,banco.itau.cl544088,MASTERCARD,CREDIT,GOLD,BANCO INTERNACIONAL,CL,CHL,Chile,-35.6751,-71.543,600 363 5000,www.bancointernacional.cl/544728,MASTERCARD,CREDIT,GOLD,BANCO SANTANDER CHILE,CL,CHL,Chile,-35.6751,-71.543,,544766,MASTERCARD,DEBIT,,,CL,CHL,Chile,-35.6751,-71.543,,545153,MASTERCARD,CREDIT,WORLD CARD,BANCO INTERNACIONAL,CL,CHL,Chile,-35.6751,-71.543,600 363 5000,www.bancointernacional.cl/545196,MASTERCARD,CREDIT,BLACK,CORP BANCA,CL,CHL,Chile,-35.6751,-71.543,600 600 8686,www.corpbanca.cl/545646,MASTERCARD,CREDIT,GOLD,"BANCO BILBAO VIZCAYA ARGENTARIA, CHILE",CL,CHL,Chile,-35.6751,-71.543,600 600 1100,www.scotiabankchile.cl545699,MASTERCARD,CREDIT,,BANCO SANTANDER CHILE,CL,CHL,Chile,-35.6751,-71.543,,546463,MASTERCARD,CREDIT,,CORP BANCA,CL,CHL,Chile,-35.6751,-71.543,600 600 8686,www.corpbanca.cl/546467,MASTERCARD,CREDIT,,CORP BANCA,CL,CHL,Chile,-35.6751,-71.543,600 600 8686,www.corpbanca.cl/546689,MASTERCARD,CREDIT,PLATINUM,BANCO DE CHILE,CL,CHL,Chile,-35.6751,-71.543,600 637 3737,ww3.bancochile.cl547369,MASTERCARD,CREDIT,GOLD,BANCO SANTANDER CHILE,CL,CHL,Chile,-35.6751,-71.543,,547551,MASTERCARD,CREDIT,BUSINESS,BANCO ITAU CHILE,CL,CHL,Chile,-35.6751,-71.543,600 686 0888,banco.itau.cl548399,MASTERCARD,CREDIT,STANDARD,BANCO DE CHILE,CL,CHL,Chile,-35.6751,-71.543,600 637 3737,ww3.bancochile.cl548480,MASTERCARD,DEBIT,,SCOTIABANK SUD AMERICANO,CL,CHL,Chile,-35.6751,-71.543,,548481,MASTERCARD,DEBIT,,SCOTIABANK SUD AMERICANO,CL,CHL,Chile,-35.6751,-71.543,,548482,MASTERCARD,CREDIT,,SCOTIABANK SUD AMERICANO,CL,CHL,Chile,-35.6751,-71.543,,548503,MASTERCARD,CREDIT,GOLD,BANCO DE CHILE,CL,CHL,Chile,-35.6751,-71.543,600 637 3737,ww3.bancochile.cl548569,MASTERCARD,CREDIT,GOLD,"BANCO BILBAO VIZCAYA ARGENTARIA, CHILE",CL,CHL,Chile,-35.6751,-71.543,600 600 1100,www.scotiabankchile.cl548647,MASTERCARD,CREDIT,,BANCO DE CHILE,CL,CHL,Chile,-35.6751,-71.543,600 637 3737,ww3.bancochile.cl548652,MASTERCARD,CREDIT,STANDARD,BANCO DE CHILE,CL,CHL,Chile,-35.6751,-71.543,600 637 3737,ww3.bancochile.cl548653,MASTERCARD,CREDIT,GOLD,BANCO DE CHILE,CL,CHL,Chile,-35.6751,-71.543,600 637 3737,ww3.bancochile.cl548740,MASTERCARD,CREDIT,,SCOTIABANK SUD AMERICANO,CL,CHL,Chile,-35.6751,-71.543,,548742,MASTERCARD,CREDIT,,SCOTIABANK SUD AMERICANO,CL,CHL,Chile,-35.6751,-71.543,,549070,MASTERCARD,DEBIT,,SCOTIABANK SUD AMERICANO,CL,CHL,Chile,-35.6751,-71.543,,549162,MASTERCARD,CREDIT,PLATINUM,BANCO SANTANDER CHILE,CL,CHL,Chile,-35.6751,-71.543,,549163,MASTERCARD,CREDIT,PLATINUM,BANCO DE CHILE,CL,CHL,Chile,-35.6751,-71.543,600 637 3737,ww3.bancochile.cl549451,MASTERCARD,CREDIT,PLATINUM,"BANCO BILBAO VIZCAYA ARGENTARIA, CHILE",CL,CHL,Chile,-35.6751,-71.543,600 600 1100,www.scotiabankchile.cl552252,MASTERCARD,CREDIT,BLACK,BANCO ITAU CHILE,CL,CHL,Chile,-35.6751,-71.543,600 686 0888,banco.itau.cl552273,MASTERCARD,CREDIT,BLACK,BANCO CREDITO INVERSIONES,CL,CHL,Chile,-35.6751,-71.543,600 692 8000,www.bci.cl/personas552300,MASTERCARD,CREDIT,BLACK,BANCO SECURITY,CL,CHL,Chile,-35.6751,-71.543,2258 44060,personas.bancosecurity.cl/552525,MASTERCARD,CREDIT,CORPORATE,BANCO DE CHILE,CL,CHL,Chile,-35.6751,-71.543,600 637 3737,ww3.bancochile.cl552559,MASTERCARD,CREDIT,CORPORATE,BANCO DEL ESTADO DE CHILE,CL,CHL,Chile,-35.6751,-71.543,600 200 7000,www.bancoestado.cl552561,MASTERCARD,CREDIT,CORPORATE,BANCO SANTANDER CHILE,CL,CHL,Chile,-35.6751,-71.543,,552595,MASTERCARD,CREDIT,CORPORATE,BANCO SECURITY,CL,CHL,Chile,-35.6751,-71.543,2258 44060,personas.bancosecurity.cl/552635,MASTERCARD,CREDIT,BUSINESS,SCOTIABANK CHILE,CL,CHL,Chile,-35.6751,-71.543,600 670 0500,www.scotiabankchile.cl552813,MASTERCARD,CREDIT,CORPORATE,SCOTIABANK CHILE,CL,CHL,Chile,-35.6751,-71.543,600 670 0500,www.scotiabankchile.cl553405,MASTERCARD,CREDIT,CORPORATE,BANCO SECURITY,CL,CHL,Chile,-35.6751,-71.543,2258 44060,personas.bancosecurity.cl/553452,MASTERCARD,CREDIT,CORPORATE,BANCO RIPLEY,CL,CHL,Chile,-35.6751,-71.543,,www.bancoripley.cl553656,MASTERCARD,CREDIT,BLACK,"BANCO BILBAO VIZCAYA ARGENTARIA, CHILE",CL,CHL,Chile,-35.6751,-71.543,600 600 1100,www.scotiabankchile.cl554610,MASTERCARD,CREDIT,GOLD,CORP BANCA,CL,CHL,Chile,-35.6751,-71.543,600 600 8686,www.corpbanca.cl/554631,MASTERCARD,CREDIT,,CORP BANCA,CL,CHL,Chile,-35.6751,-71.543,600 600 8686,www.corpbanca.cl/554632,MASTERCARD,CREDIT,STANDARD,CORP BANCA,CL,CHL,Chile,-35.6751,-71.543,600 600 8686,www.corpbanca.cl/554902,MASTERCARD,CREDIT,PLATINUM,BANCO DE CHILE,CL,CHL,Chile,-35.6751,-71.543,600 637 3737,ww3.bancochile.cl554904,MASTERCARD,CREDIT,PLATINUM,BANCO ITAU CHILE,CL,CHL,Chile,-35.6751,-71.543,600 686 0888,banco.itau.cl554926,MASTERCARD,CREDIT,PLATINUM,BANCO DEL ESTADO DE CHILE,CL,CHL,Chile,-35.6751,-71.543,600 200 7000,www.bancoestado.cl554940,MASTERCARD,CREDIT,PLATINUM,BANCO SECURITY,CL,CHL,Chile,-35.6751,-71.543,2258 44060,personas.bancosecurity.cl/556083,MASTERCARD,CREDIT,CORPORATE FLEET CARD,BANCO SECURITY,CL,CHL,Chile,-35.6751,-71.543,2258 44060,personas.bancosecurity.cl/558347,MASTERCARD,CREDIT,BUSINESS,CORP BANCA,CL,CHL,Chile,-35.6751,-71.543,600 600 8686,www.corpbanca.cl/558685,MASTERCARD,CREDIT,CORPORATE,BANCO DE CHILE,CL,CHL,Chile,-35.6751,-71.543,600 637 3737,ww3.bancochile.cl558727,MASTERCARD,DEBIT,,SCOTIABANK SUD AMERICANO,CL,CHL,Chile,-35.6751,-71.543,,558840,MASTERCARD,CREDIT,BUSINESS,BANCO DE CHILE,CL,CHL,Chile,-35.6751,-71.543,600 637 3737,ww3.bancochile.cl558984,MASTERCARD,DEBIT,,SCOTIABANK SUD AMERICANO,CL,CHL,Chile,-35.6751,-71.543,,559202,MASTERCARD,CREDIT,,SCOTIABANK SUD AMERICANO,CL,CHL,Chile,-35.6751,-71.543,,559205,MASTERCARD,CREDIT,,SCOTIABANK SUD AMERICANO,CL,CHL,Chile,-35.6751,-71.543,,559207,MASTERCARD,CREDIT,,SCOTIABANK SUD AMERICANO,CL,CHL,Chile,-35.6751,-71.543,,589701,MAESTRO,DEBIT,,SCOTIABANK SUD AMERICANO,CL,CHL,Chile,-35.6751,-71.543,,
